Workbook

Sheet Dim_Hospital
A1: Hospital_ID | B1: Hospital_Name | C1: City | D1: State | E1: Total_Beds | F1: ICU_Beds
A2: H001 | B2: Chennai GH | C2: Chennai | D2: TN | E2: 300 | F2: 45
A3: H002 | B3: Bangalore GH | C3: Bangalore | D3: KA | E3: 400 | F3: 60
A4: H003 | B4: Hyderabad GH | C4: Hyderabad | D4: TS | E4: 250 | F4: 35

Sheet Dim_Department
A1: Department_ID | B1: Department_Name
A2: D01 | B2: Cardiology
A3: D02 | B3: Oncology
A4: D03 | B4: Orthopedics
A5: D04 | B5: Pediatrics
A6: D05 | B6: Emergency
A7: D06 | B7: General Medicine

Sheet Dim_Patient
A1: Patient_ID | B1: Age | C1: Age_Group | D1: Gender | E1: Insurance_Type | F1: Description
A2: ="P"&TEXT(ROW()-1,"0000") -> P0001 | B2: 20 | C2: =IF($B2<18,"Child",IF($B2<60,"Adult","Senior")) -> Adult
A3: ="P"&TEXT(ROW()-1,"0000") -> P0002 | B3: 27 | C3: =IF($B3<18,"Child",IF($B3<60,"Adult","Senior")) -> Adult
A4: ="P"&TEXT(ROW()-1,"0000") -> P0003 | B4: 21 | C4: =IF($B4<18,"Child",IF($B4<60,"Adult","Senior")) -> Adult
A5: ="P"&TEXT(ROW()-1,"0000") -> P0004 | B5: 41 | C5: =IF($B5<18,"Child",IF($B5<60,"Adult","Senior")) -> Adult
A6: ="P"&TEXT(ROW()-1,"0000") -> P0005 | B6: 56 | C6: =IF($B6<18,"Child",IF($B6<60,"Adult","Senior")) -> Adult
A7: ="P"&TEXT(ROW()-1,"0000") -> P0006 | B7: 45 | C7: =IF($B7<18,"Child",IF($B7<60,"Adult","Senior")) -> Adult
A8: ="P"&TEXT(ROW()-1,"0000") -> P0007 | B8: 30 | C8: =IF($B8<18,"Child",IF($B8<60,"Adult","Senior")) -> Adult
A9: ="P"&TEXT(ROW()-1,"0000") -> P0008 | B9: 41 | C9: =IF($B9<18,"Child",IF($B9<60,"Adult","Senior")) -> Adult
A10: ="P"&TEXT(ROW()-1,"0000") -> P0009 | B10: 45 | C10: =IF($B10<18,"Child",IF($B10<60,"Adult","Senior")) -> Adult
A11: ="P"&TEXT(ROW()-1,"0000") -> P0010 | B11: 24 | C11: =IF($B11<18,"Child",IF($B11<60,"Adult","Senior")) -> Adult
A12: ="P"&TEXT(ROW()-1,"0000") -> P0011 | B12: 30 | C12: =IF($B12<18,"Child",IF($B12<60,"Adult","Senior")) -> Adult
A13: ="P"&TEXT(ROW()-1,"0000") -> P0012 | B13: 23 | C13: =IF($B13<18,"Child",IF($B13<60,"Adult","Senior")) -> Adult
... A4700: ="P"&TEXT(ROW()-1,"0000") -> P4699 | B4700: 51 | C4700: =IF($B4700<18,"Child",IF($B4700<60,"Adult","Senior")) -> Adult

Sheet Ft_Admission
A1: Admission_ID | B1: Patient_ID | C1: Hospital_ID | D1: Department_ID | E1: Admission_Date | F1: Admission_Hour | G1: Admission_Type | H1: Discharge_Date | I1: Discharge_Delay_Flag | J1: Bed_Type | K1: Bed_Cost_Per_Day | L1: Length_of_Stay
A2: ="A"&TEXT(ROW()-1,"0000") -> A0001 | B2: P0955 | C2: H001 | D2: D01 | E2: 45767 | F2: 15 | G2: Scheduled | H2: 45773 | I2: No | J2: ICU | K2: 12808 | L2: 6
A3: ="A"&TEXT(ROW()-1,"0000") -> A0002 | B3: P2552 | C3: H001 | D3: D06 | E3: 45829 | F3: 15 | G3: Scheduled | H3: 45833 | I3: No | J3: General | K3: 3724 | L3: 4
A4: ="A"&TEXT(ROW()-1,"0000") -> A0003 | B4: P2089 | C4: H002 | D4: D06 | E4: 45760 | F4: 12 | G4: Scheduled | H4: 45762 | I4: No | J4: General | K4: 3892 | L4: 2
A5: ="A"&TEXT(ROW()-1,"0000") -> A0004 | B5: P4268 | C5: H001 | D5: D01 | E5: 45889 | F5: 11 | G5: Emergency | H5: 45895 | I5: No | J5: ICU | K5: 10563 | L5: 6
A6: ="A"&TEXT(ROW()-1,"0000") -> A0005 | B6: P0202 | C6: H001 | D6: D01 | E6: 45683 | F6: 20 | G6: Scheduled | H6: 45689 | I6: No | J6: ICU | K6: 11324 | L6: 6
A7: ="A"&TEXT(ROW()-1,"0000") -> A0006 | B7: P3752 | C7: H002 | D7: D06 | E7: 45888 | F7: 19 | G7: Emergency | H7: 45891 | I7: No | J7: General | K7: 4488 | L7: 3
A8: ="A"&TEXT(ROW()-1,"0000") -> A0007 | B8: P1769 | C8: H002 | D8: D06 | E8: 45983 | F8: 12 | G8: Emergency | H8: 45989 | I8: No | J8: General | K8: 2293 | L8: 6
A9: ="A"&TEXT(ROW()-1,"0000") -> A0008 | B9: P2816 | C9: H002 | D9: D06 | E9: 45927 | F9: 9 | G9: Scheduled | H9: 45931 | I9: No | J9: General | K9: 3053 | L9: 4
A10: ="A"&TEXT(ROW()-1,"0000") -> A0009 | B10: P2908 | C10: H001 | D10: D03 | E10: 45670 | F10: 9 | G10: Scheduled | H10: 45674 | I10: No | J10: General | K10: 3200 | L10: 4
A11: ="A"&TEXT(ROW()-1,"0000") -> A0010 | B11: P0190 | C11: H003 | D11: D01 | E11: 45816 | F11: 13 | G11: Scheduled | H11: 45819 | I11: No | J11: General | K11: 3947 | L11: 3
A12: ="A"&TEXT(ROW()-1,"0000") -> A0011 | B12: P1477 | C12: H002 | D12: D01 | E12: 45890 | F12: 17 | G12: Scheduled | H12: 45895 | I12: No | J12: General | K12: 3647 | L12: 5
A13: ="A"&TEXT(ROW()-1,"0000") -> A0012 | B13: P1091 | C13: H002 | D13: D01 | E13: 45929 | F13: 16 | G13: Scheduled | H13: 45934 | I13: No | J13: General | K13: 3361 | L13: 5
... A5484: ="A"&TEXT(ROW()-1,"0000") -> A5483 | B5484: P2137 | C5484: H002 | D5484: D06 | E5484: 45781 | F5484: 16 | G5484: Scheduled | H5484: 45785 | I5484: No | J5484: General | K5484: 2483 | L5484: 4

Sheet Ft_Doctor_Utilization
A1: Doctor_ID | B1: Department_ID | C1: Hospital_ID | D1: Date | E1: Available_Hours | F1: Booked_Hours
A2: ="D"&TEXT(ROW()-1,"0000") -> D0001 | B2: D05 | C2: H001 | D2: 45670 | E2: 8 | F2: 9
A3: ="D"&TEXT(ROW()-1,"0000") -> D0002 | B3: D05 | C3: H001 | D3: 45687 | E3: 8 | F3: 9
A4: ="D"&TEXT(ROW()-1,"0000") -> D0003 | B4: D05 | C4: H001 | D4: 45679 | E4: 8 | F4: 5
A5: ="D"&TEXT(ROW()-1,"0000") -> D0004 | B5: D05 | C5: H001 | D5: 45681 | E5: 8 | F5: 4
A6: ="D"&TEXT(ROW()-1,"0000") -> D0005 | B6: D06 | C6: H001 | D6: 45678 | E6: 8 | F6: 7
A7: ="D"&TEXT(ROW()-1,"0000") -> D0006 | B7: D06 | C7: H001 | D7: 45681 | E7: 8 | F7: 9
A8: ="D"&TEXT(ROW()-1,"0000") -> D0007 | B8: D06 | C8: H001 | D8: 45687 | E8: 8 | F8: 6
A9: ="D"&TEXT(ROW()-1,"0000") -> D0008 | B9: D06 | C9: H001 | D9: 45659 | E9: 8 | F9: 8
A10: ="D"&TEXT(ROW()-1,"0000") -> D0009 | B10: D06 | C10: H001 | D10: 45679 | E10: 8 | F10: 4
A11: ="D"&TEXT(ROW()-1,"0000") -> D0010 | B11: D06 | C11: H001 | D11: 45661 | E11: 8 | F11: 8
A12: ="D"&TEXT(ROW()-1,"0000") -> D0011 | B12: D06 | C12: H001 | D12: 45670 | E12: 8 | F12: 6
A13: ="D"&TEXT(ROW()-1,"0000") -> D0012 | B13: D06 | C13: H001 | D13: 45674 | E13: 8 | F13: 6
... A90: ="D"&TEXT(ROW()-1,"0000") -> D0089 | B90: D06 | C90: H003 | D90: 45666 | E90: 8 | F90: 7

Sheet Ft_procedure
A1: Procedure_ID | B1: Admission_ID | C1: Department_ID | D1: Procedure_Type | E1: Procedure_Date | F1: Procedure_Cost
A2: ="PR"&TEXT(ROW(A1),"0000") -> PR0001 | B2: A1078 | C2: =VLOOKUP(B2,Ft_Admission!$A$2:$D$5484,4,FALSE) -> D06 | D2: Scan | E2: 45767 | F2: 14058
A3: ="PR"&TEXT(ROW(A2),"0000") -> PR0002 | B3: A4007 | C3: =VLOOKUP(B3,Ft_Admission!$A$2:$D$5484,4,FALSE) -> D03 | D3: Scan | E3: 45831 | F3: 48232
A4: ="PR"&TEXT(ROW(A3),"0000") -> PR0003 | B4: A0668 | C4: =VLOOKUP(B4,Ft_Admission!$A$2:$D$5484,4,FALSE) -> D05 | D4: Lab Test | E4: 45760 | F4: 16994
A5: ="PR"&TEXT(ROW(A4),"0000") -> PR0004 | B5: A4815 | C5: =VLOOKUP(B5,Ft_Admission!$A$2:$D$5484,4,FALSE) -> D06 | D5: Therapy | E5: 45891 | F5: 7962
A6: ="PR"&TEXT(ROW(A5),"0000") -> PR0005 | B6: A1718 | C6: =VLOOKUP(B6,Ft_Admission!$A$2:$D$5484,4,FALSE) -> D01 | D6: Scan | E6: 45685 | F6: 35053
A7: ="PR"&TEXT(ROW(A6),"0000") -> PR0006 | B7: A4418 | C7: =VLOOKUP(B7,Ft_Admission!$A$2:$D$5484,4,FALSE) -> D03 | D7: Therapy | E7: 45891 | F7: 41281
A8: ="PR"&TEXT(ROW(A7),"0000") -> PR0007 | B8: A4394 | C8: =VLOOKUP(B8,Ft_Admission!$A$2:$D$5484,4,FALSE) -> D02 | D8: Therapy | E8: 45983 | F8: 62741
A9: ="PR"&TEXT(ROW(A8),"0000") -> PR0008 | B9: A4763 | C9: =VLOOKUP(B9,Ft_Admission!$A$2:$D$5484,4,FALSE) -> D05 | D9: Lab Test | E9: 45929 | F9: 12588
A10: ="PR"&TEXT(ROW(A9),"0000") -> PR0009 | B10: A1136 | C10: =VLOOKUP(B10,Ft_Admission!$A$2:$D$5484,4,FALSE) -> D03 | D10: Surgery | E10: 45672 | F10: 31099
A11: ="PR"&TEXT(ROW(A10),"0000") -> PR0010 | B11: A5410 | C11: =VLOOKUP(B11,Ft_Admission!$A$2:$D$5484,4,FALSE) -> D06 | D11: Lab Test | E11: 45819 | F11: 16605
A12: ="PR"&TEXT(ROW(A11),"0000") -> PR0011 | B12: A1523 | C12: =VLOOKUP(B12,Ft_Admission!$A$2:$D$5484,4,FALSE) -> D06 | D12: Therapy | E12: 45891 | F12: 5989
A13: ="PR"&TEXT(ROW(A12),"0000") -> PR0012 | B13: A0530 | C13: =VLOOKUP(B13,Ft_Admission!$A$2:$D$5484,4,FALSE) -> D05 | D13: Surgery | E13: 45931 | F13: 15783
... A281: ="PR"&TEXT(ROW(A280),"0000") -> PR0280 | B281: A0274 | C281: =VLOOKUP(B281,Ft_Admission!$A$2:$D$5484,4,FALSE) -> D03 | D281: Lab Test | E281: 45916 | F281: 46179
A282: ="PR"&TEXT(ROW(A281),"0000") -> PR0281 | B282: #REF! | C282: =VLOOKUP(B282,Ft_Admission!$A$2:$D$5484,4,FALSE) -> #REF! | D282: Lab Test | E282: 45822 | F282: #REF!
A283: ="PR"&TEXT(ROW(A282),"0000") -> PR0282 | B283: A3643 | C283: =VLOOKUP(B283,Ft_Admission!$A$2:$D$5484,4,FALSE) -> D01 | D283: Scan | E283: 45701 | F283: 44073
A284: ="PR"&TEXT(ROW(A283),"0000") -> PR0283 | B284: A4276 | C284: =VLOOKUP(B284,Ft_Admission!$A$2:$D$5484,4,FALSE) -> D01 | D284: Surgery | E284: 45892 | F284: 46678
A285: ="PR"&TEXT(ROW(A284),"0000") -> PR0284 | B285: A0460 | C285: =VLOOKUP(B285,Ft_Admission!$A$2:$D$5484,4,FALSE) -> D06 | D285: Surgery | E285: 45703 | F285: 15867
A286: ="PR"&TEXT(ROW(A285),"0000") -> PR0285 | B286: A1468 | C286: =VLOOKUP(B286,Ft_Admission!$A$2:$D$5484,4,FALSE) -> D01 | D286: Therapy | E286: 45711 | F286: 66008
A287: ="PR"&TEXT(ROW(A286),"0000") -> PR0286 | B287: A1835 | C287: =VLOOKUP(B287,Ft_Admission!$A$2:$D$5484,4,FALSE) -> D06 | D287: Surgery | E287: 45781 | F287: 16870
A288: ="PR"&TEXT(ROW(A287),"0000") -> PR0287 | B288: A4137 | C288: =VLOOKUP(B288,Ft_Admission!$A$2:$D$5484,4,FALSE) -> D01 | D288: Therapy | E288: 45789 | F288: 63932
A289: ="PR"&TEXT(ROW(A288),"0000") -> PR0288 | B289: A4720 | C289: =VLOOKUP(B289,Ft_Admission!$A$2:$D$5484,4,FALSE) -> D01 | D289: Surgery | E289: 45985 | F289: 46055
A290: ="PR"&TEXT(ROW(A289),"0000") -> PR0289 | B290: A1057 | C290: =VLOOKUP(B290,Ft_Admission!$A$2:$D$5484,4,FALSE) -> D01 | D290: Scan | E290: 45889 | F290: 33516
A291: ="PR"&TEXT(ROW(A290),"0000") -> PR0290 | B291: A4090 | C291: =VLOOKUP(B291,Ft_Admission!$A$2:$D$5484,4,FALSE) -> D06 | D291: Therapy | E291: 45796 | F291: 12958
A292: ="PR"&TEXT(ROW(A291),"0000") -> PR0291 | B292: A2430 | C292: =VLOOKUP(B292,Ft_Admission!$A$2:$D$5484,4,FALSE) -> D05 | D292: Lab Test | E292: 45838 | F292: 12043
A293: ="PR"&TEXT(ROW(A292),"0000") -> PR0292 | B293: A2058 | C293: =VLOOKUP(B293,Ft_Admission!$A$2:$D$5484,4,FALSE) -> D06 | D293: Lab Test | E293: 45889 | F293: 17499
A294: ="PR"&TEXT(ROW(A293),"0000") -> PR0293 | B294: A2942 | C294: =VLOOKUP(B294,Ft_Admission!$A$2:$D$5484,4,FALSE) -> D06 | D294: Lab Test | E294: 45992 | F294: 6700
... A3513: ="PR"&TEXT(ROW(A3512),"0000") -> PR3512 | B3513: A2692 | C3513: =VLOOKUP(B3513,Ft_Admission!$A$2:$D$5484,4,FALSE) -> D05 | D3513: Scan | E3513: 45764 | F3513: 14339

Sheet Ft_Billing
A1: Billing_ID | B1: Admission_ID | C1: Patient_ID | D1: Hospital_ID | E1: Department_ID | F1: Length_of_Stay | G1: Bed_Cost | H1: Procedure_Cost | I1: Total_Cost | J1: Insurance_Type | K1: Payment_Status
A2: ="BL"&TEXT(ROW(A1),"0000") -> BL0001 | B2: =Ft_Admission!$A2 -> A0001 | C2: =VLOOKUP(B2,Ft_Admission!$A$2:$B$5484,2,FALSE) -> P0955 | D2: =VLOOKUP(B2,Ft_Admission!$A$2:$C$5484,3,FALSE) -> H001 | E2: =VLOOKUP(B2,Ft_Admission!$A$2:$D$5484,4,FALSE) -> D01 | F2: =VLOOKUP(B2,Ft_Admission!$A$2:$L$5484,12,FALSE) -> 6 | G2: =IF(E2="D01",2000, IF(E2="D02",3000, IF(E2="D03",4000, IF(E2="D04",6000, IF(E2="D05",7000,9000))))) *F2 -> 12000 | H2: =SUMIF(Ft_procedure!$B$2:$B$3513,Ft_Billing!$B2,Ft_procedure!$F$2:$F$3513) -> 0 | I2: =G2+H2 -> 12000 | K2: =IF(I2>80000,"Pending","Paid") -> Paid
A3: ="BL"&TEXT(ROW(A2),"0000") -> BL0002 | B3: =Ft_Admission!$A3 -> A0002 | C3: =VLOOKUP(B3,Ft_Admission!$A$2:$B$5484,2,FALSE) -> P2552 | D3: =VLOOKUP(B3,Ft_Admission!$A$2:$C$5484,3,FALSE) -> H001 | E3: =VLOOKUP(B3,Ft_Admission!$A$2:$D$5484,4,FALSE) -> D06 | F3: =VLOOKUP(B3,Ft_Admission!$A$2:$L$5484,12,FALSE) -> 4 | G3: =IF(E3="D01",2000, IF(E3="D02",3000, IF(E3="D03",4000, IF(E3="D04",6000, IF(E3="D05",7000,9000))))) *F3 -> 36000 | H3: =SUMIF(Ft_procedure!$B$2:$B$3513,Ft_Billing!$B3,Ft_procedure!$F$2:$F$3513) -> 38255 | I3: =G3+H3 -> 74255 | K3: =IF(I3>80000,"Pending","Paid") -> Paid
A4: ="BL"&TEXT(ROW(A3),"0000") -> BL0003 | B4: =Ft_Admission!$A4 -> A0003 | C4: =VLOOKUP(B4,Ft_Admission!$A$2:$B$5484,2,FALSE) -> P2089 | D4: =VLOOKUP(B4,Ft_Admission!$A$2:$C$5484,3,FALSE) -> H002 | E4: =VLOOKUP(B4,Ft_Admission!$A$2:$D$5484,4,FALSE) -> D06 | F4: =VLOOKUP(B4,Ft_Admission!$A$2:$L$5484,12,FALSE) -> 2 | G4: =IF(E4="D01",2000, IF(E4="D02",3000, IF(E4="D03",4000, IF(E4="D04",6000, IF(E4="D05",7000,9000))))) *F4 -> 18000 | H4: =SUMIF(Ft_procedure!$B$2:$B$3513,Ft_Billing!$B4,Ft_procedure!$F$2:$F$3513) -> 27492 | I4: =G4+H4 -> 45492 | K4: =IF(I4>80000,"Pending","Paid") -> Paid
A5: ="BL"&TEXT(ROW(A4),"0000") -> BL0004 | B5: =Ft_Admission!$A5 -> A0004 | C5: =VLOOKUP(B5,Ft_Admission!$A$2:$B$5484,2,FALSE) -> P4268 | D5: =VLOOKUP(B5,Ft_Admission!$A$2:$C$5484,3,FALSE) -> H001 | E5: =VLOOKUP(B5,Ft_Admission!$A$2:$D$5484,4,FALSE) -> D01 | F5: =VLOOKUP(B5,Ft_Admission!$A$2:$L$5484,12,FALSE) -> 6 | G5: =IF(E5="D01",2000, IF(E5="D02",3000, IF(E5="D03",4000, IF(E5="D04",6000, IF(E5="D05",7000,9000))))) *F5 -> 12000 | H5: =SUMIF(Ft_procedure!$B$2:$B$3513,Ft_Billing!$B5,Ft_procedure!$F$2:$F$3513) -> 176237 | I5: =G5+H5 -> 188237 | K5: =IF(I5>80000,"Pending","Paid") -> Pending
A6: ="BL"&TEXT(ROW(A5),"0000") -> BL0005 | B6: =Ft_Admission!$A6 -> A0005 | C6: =VLOOKUP(B6,Ft_Admission!$A$2:$B$5484,2,FALSE) -> P0202 | D6: =VLOOKUP(B6,Ft_Admission!$A$2:$C$5484,3,FALSE) -> H001 | E6: =VLOOKUP(B6,Ft_Admission!$A$2:$D$5484,4,FALSE) -> D01 | F6: =VLOOKUP(B6,Ft_Admission!$A$2:$L$5484,12,FALSE) -> 6 | G6: =IF(E6="D01",2000, IF(E6="D02",3000, IF(E6="D03",4000, IF(E6="D04",6000, IF(E6="D05",7000,9000))))) *F6 -> 12000 | H6: =SUMIF(Ft_procedure!$B$2:$B$3513,Ft_Billing!$B6,Ft_procedure!$F$2:$F$3513) -> 0 | I6: =G6+H6 -> 12000 | K6: =IF(I6>80000,"Pending","Paid") -> Paid
A7: ="BL"&TEXT(ROW(A6),"0000") -> BL0006 | B7: =Ft_Admission!$A7 -> A0006 | C7: =VLOOKUP(B7,Ft_Admission!$A$2:$B$5484,2,FALSE) -> P3752 | D7: =VLOOKUP(B7,Ft_Admission!$A$2:$C$5484,3,FALSE) -> H002 | E7: =VLOOKUP(B7,Ft_Admission!$A$2:$D$5484,4,FALSE) -> D06 | F7: =VLOOKUP(B7,Ft_Admission!$A$2:$L$5484,12,FALSE) -> 3 | G7: =IF(E7="D01",2000, IF(E7="D02",3000, IF(E7="D03",4000, IF(E7="D04",6000, IF(E7="D05",7000,9000))))) *F7 -> 27000 | H7: =SUMIF(Ft_procedure!$B$2:$B$3513,Ft_Billing!$B7,Ft_procedure!$F$2:$F$3513) -> 19845 | I7: =G7+H7 -> 46845 | K7: =IF(I7>80000,"Pending","Paid") -> Paid
A8: ="BL"&TEXT(ROW(A7),"0000") -> BL0007 | B8: =Ft_Admission!$A8 -> A0007 | C8: =VLOOKUP(B8,Ft_Admission!$A$2:$B$5484,2,FALSE) -> P1769 | D8: =VLOOKUP(B8,Ft_Admission!$A$2:$C$5484,3,FALSE) -> H002 | E8: =VLOOKUP(B8,Ft_Admission!$A$2:$D$5484,4,FALSE) -> D06 | F8: =VLOOKUP(B8,Ft_Admission!$A$2:$L$5484,12,FALSE) -> 6 | G8: =IF(E8="D01",2000, IF(E8="D02",3000, IF(E8="D03",4000, IF(E8="D04",6000, IF(E8="D05",7000,9000))))) *F8 -> 54000 | H8: =SUMIF(Ft_procedure!$B$2:$B$3513,Ft_Billing!$B8,Ft_procedure!$F$2:$F$3513) -> 0 | I8: =G8+H8 -> 54000 | K8: =IF(I8>80000,"Pending","Paid") -> Paid
A9: ="BL"&TEXT(ROW(A8),"0000") -> BL0008 | B9: =Ft_Admission!$A9 -> A0008 | C9: =VLOOKUP(B9,Ft_Admission!$A$2:$B$5484,2,FALSE) -> P2816 | D9: =VLOOKUP(B9,Ft_Admission!$A$2:$C$5484,3,FALSE) -> H002 | E9: =VLOOKUP(B9,Ft_Admission!$A$2:$D$5484,4,FALSE) -> D06 | F9: =VLOOKUP(B9,Ft_Admission!$A$2:$L$5484,12,FALSE) -> 4 | G9: =IF(E9="D01",2000, IF(E9="D02",3000, IF(E9="D03",4000, IF(E9="D04",6000, IF(E9="D05",7000,9000))))) *F9 -> 36000 | H9: =SUMIF(Ft_procedure!$B$2:$B$3513,Ft_Billing!$B9,Ft_procedure!$F$2:$F$3513) -> 0 | I9: =G9+H9 -> 36000 | K9: =IF(I9>80000,"Pending","Paid") -> Paid
A10: ="BL"&TEXT(ROW(A9),"0000") -> BL0009 | B10: =Ft_Admission!$A10 -> A0009 | C10: =VLOOKUP(B10,Ft_Admission!$A$2:$B$5484,2,FALSE) -> P2908 | D10: =VLOOKUP(B10,Ft_Admission!$A$2:$C$5484,3,FALSE) -> H001 | E10: =VLOOKUP(B10,Ft_Admission!$A$2:$D$5484,4,FALSE) -> D03 | F10: =VLOOKUP(B10,Ft_Admission!$A$2:$L$5484,12,FALSE) -> 4 | G10: =IF(E10="D01",2000, IF(E10="D02",3000, IF(E10="D03",4000, IF(E10="D04",6000, IF(E10="D05",7000,9000))))) *F10 -> 16000 | H10: =SUMIF(Ft_procedure!$B$2:$B$3513,Ft_Billing!$B10,Ft_procedure!$F$2:$F$3513) -> 0 | I10: =G10+H10 -> 16000 | K10: =IF(I10>80000,"Pending","Paid") -> Paid
A11: ="BL"&TEXT(ROW(A10),"0000") -> BL0010 | B11: =Ft_Admission!$A11 -> A0010 | C11: =VLOOKUP(B11,Ft_Admission!$A$2:$B$5484,2,FALSE) -> P0190 | D11: =VLOOKUP(B11,Ft_Admission!$A$2:$C$5484,3,FALSE) -> H003 | E11: =VLOOKUP(B11,Ft_Admission!$A$2:$D$5484,4,FALSE) -> D01 | F11: =VLOOKUP(B11,Ft_Admission!$A$2:$L$5484,12,FALSE) -> 3 | G11: =IF(E11="D01",2000, IF(E11="D02",3000, IF(E11="D03",4000, IF(E11="D04",6000, IF(E11="D05",7000,9000))))) *F11 -> 6000 | H11: =SUMIF(Ft_procedure!$B$2:$B$3513,Ft_Billing!$B11,Ft_procedure!$F$2:$F$3513) -> 0 | I11: =G11+H11 -> 6000 | K11: =IF(I11>80000,"Pending","Paid") -> Paid
A12: ="BL"&TEXT(ROW(A11),"0000") -> BL0011 | B12: =Ft_Admission!$A12 -> A0011 | C12: =VLOOKUP(B12,Ft_Admission!$A$2:$B$5484,2,FALSE) -> P1477 | D12: =VLOOKUP(B12,Ft_Admission!$A$2:$C$5484,3,FALSE) -> H002 | E12: =VLOOKUP(B12,Ft_Admission!$A$2:$D$5484,4,FALSE) -> D01 | F12: =VLOOKUP(B12,Ft_Admission!$A$2:$L$5484,12,FALSE) -> 5 | G12: =IF(E12="D01",2000, IF(E12="D02",3000, IF(E12="D03",4000, IF(E12="D04",6000, IF(E12="D05",7000,9000))))) *F12 -> 10000 | H12: =SUMIF(Ft_procedure!$B$2:$B$3513,Ft_Billing!$B12,Ft_procedure!$F$2:$F$3513) -> 68170 | I12: =G12+H12 -> 78170 | K12: =IF(I12>80000,"Pending","Paid") -> Paid
A13: ="BL"&TEXT(ROW(A12),"0000") -> BL0012 | B13: =Ft_Admission!$A13 -> A0012 | C13: =VLOOKUP(B13,Ft_Admission!$A$2:$B$5484,2,FALSE) -> P1091 | D13: =VLOOKUP(B13,Ft_Admission!$A$2:$C$5484,3,FALSE) -> H002 | E13: =VLOOKUP(B13,Ft_Admission!$A$2:$D$5484,4,FALSE) -> D01 | F13: =VLOOKUP(B13,Ft_Admission!$A$2:$L$5484,12,FALSE) -> 5 | G13: =IF(E13="D01",2000, IF(E13="D02",3000, IF(E13="D03",4000, IF(E13="D04",6000, IF(E13="D05",7000,9000))))) *F13 -> 10000 | H13: =SUMIF(Ft_procedure!$B$2:$B$3513,Ft_Billing!$B13,Ft_procedure!$F$2:$F$3513) -> 0 | I13: =G13+H13 -> 10000 | K13: =IF(I13>80000,"Pending","Paid") -> Paid
... A5484: ="BL"&TEXT(ROW(A5483),"0000") -> BL5483 | B5484: =Ft_Admission!$A5484 -> A5483 | C5484: =VLOOKUP(B5484,Ft_Admission!$A$2:$B$5484,2,FALSE) -> P2137 | D5484: =VLOOKUP(B5484,Ft_Admission!$A$2:$C$5484,3,FALSE) -> H002 | E5484: =VLOOKUP(B5484,Ft_Admission!$A$2:$D$5484,4,FALSE) -> D06 | F5484: =VLOOKUP(B5484,Ft_Admission!$A$2:$L$5484,12,FALSE) -> 4 | G5484: =IF(E5484="D01",2000, IF(E5484="D02",3000, IF(E5484="D03",4000, IF(E5484="D04",6000, IF(E5484="D05",7000,9000))))) *F5484 -> 36000 | H5484: =SUMIF(Ft_procedure!$B$2:$B$3513,Ft_Billing!$B5484,Ft_procedure!$F$2:$F$3513) -> 0 | I5484: =G5484+H5484 -> 36000 | K5484: =IF(I5484>80000,"Pending","Paid") -> Paid

Sheet Ft_Outcome
A1: Admission_ID | B1: Outcome | C1: Readmitted_30_Days
A2: =Ft_Admission!A2 -> A0001 | B2: Recovered | C2: =IF(B2="Deceased","No", IF(B2="Improved",IF(RAND()<0.25,"Yes","No"), IF(RAND()<0.1,"Yes","No"))) -> No
A3: =Ft_Admission!A3 -> A0002 | B3: Improved | C3: =IF(B3="Deceased","No", IF(B3="Improved",IF(RAND()<0.25,"Yes","No"), IF(RAND()<0.1,"Yes","No"))) -> No
A4: =Ft_Admission!A4 -> A0003 | B4: Recovered | C4: =IF(B4="Deceased","No", IF(B4="Improved",IF(RAND()<0.25,"Yes","No"), IF(RAND()<0.1,"Yes","No"))) -> No
A5: =Ft_Admission!A5 -> A0004 | B5: Recovered | C5: =IF(B5="Deceased","No", IF(B5="Improved",IF(RAND()<0.25,"Yes","No"), IF(RAND()<0.1,"Yes","No"))) -> No
A6: =Ft_Admission!A6 -> A0005 | B6: Recovered | C6: =IF(B6="Deceased","No", IF(B6="Improved",IF(RAND()<0.25,"Yes","No"), IF(RAND()<0.1,"Yes","No"))) -> Yes
A7: =Ft_Admission!A7 -> A0006 | B7: Recovered | C7: =IF(B7="Deceased","No", IF(B7="Improved",IF(RAND()<0.25,"Yes","No"), IF(RAND()<0.1,"Yes","No"))) -> No
A8: =Ft_Admission!A8 -> A0007 | B8: Improved | C8: =IF(B8="Deceased","No", IF(B8="Improved",IF(RAND()<0.25,"Yes","No"), IF(RAND()<0.1,"Yes","No"))) -> No
A9: =Ft_Admission!A9 -> A0008 | B9: Recovered | C9: =IF(B9="Deceased","No", IF(B9="Improved",IF(RAND()<0.25,"Yes","No"), IF(RAND()<0.1,"Yes","No"))) -> No
A10: =Ft_Admission!A10 -> A0009 | B10: Recovered | C10: =IF(B10="Deceased","No", IF(B10="Improved",IF(RAND()<0.25,"Yes","No"), IF(RAND()<0.1,"Yes","No"))) -> No
A11: =Ft_Admission!A11 -> A0010 | B11: Recovered | C11: =IF(B11="Deceased","No", IF(B11="Improved",IF(RAND()<0.25,"Yes","No"), IF(RAND()<0.1,"Yes","No"))) -> No
A12: =Ft_Admission!A12 -> A0011 | B12: Improved | C12: =IF(B12="Deceased","No", IF(B12="Improved",IF(RAND()<0.25,"Yes","No"), IF(RAND()<0.1,"Yes","No"))) -> Yes
A13: =Ft_Admission!A13 -> A0012 | B13: Improved | C13: =IF(B13="Deceased","No", IF(B13="Improved",IF(RAND()<0.25,"Yes","No"), IF(RAND()<0.1,"Yes","No"))) -> Yes
... A5484: =Ft_Admission!A5484 -> A5483 | B5484: Improved | C5484: =IF(B5484="Deceased","No", IF(B5484="Improved",IF(RAND()<0.25,"Yes","No"), IF(RAND()<0.1,"Yes","No"))) -> No
